Source URL,Destination URL
https://dialedinweb.com/10-hacks-to-solidify-your-business-positive-reputation-online/,/our-blog
https://dialedinweb.com/10-local-link-building-strategies-small-businesses-2020/,/our-blog
https://dialedinweb.com/10-questions-clinics-must-ask-ad-agencies-in-dallas-tx/,/our-blog
https://dialedinweb.com/10-tips-building-local-brand-will-increase-local-online-leads/,/our-blog
https://dialedinweb.com/10-ways-increase-conversions-avoid-wasting-money-google-adwords-campaign/,/our-blog
https://dialedinweb.com/10-ways-lower-cpc-optimizing-adwords-mobile/,/our-blog
https://dialedinweb.com/11-must-have-wordpress-plugins-and-why-you-need-them/,/our-blog
https://dialedinweb.com/2016/10/3-awesome-local-seo-and-content-marketing-strategies-no-one-is-doing/,/white-label-local-seo
https://dialedinweb.com/2016/10/4-local-seo-strategies-instantly-improve-search-rankings-attract-new-customers/,/white-label-local-seo
https://dialedinweb.com/2016/10/7-local-search-marketing-stats-every-dallas-small-business-know/,/our-blog
https://dialedinweb.com/2016/11/10-ways-lower-cpc-optimizing-adwords-mobile/,/our-blog
https://dialedinweb.com/2016/11/local-link-building-outreach-101-need-know/,/our-blog
https://dialedinweb.com/2016/11/why-you-need-to-stop-looking-at-organic-rankings-and-focus-on-what-matters/,/our-blog
https://dialedinweb.com/2016/12/emd-local-business-sites/,/our-blog
https://dialedinweb.com/2016/12/how-google-penguin-4-0-will-affect-your-seo/,/white-label-local-seo
https://dialedinweb.com/2016/12/yelp-google-facebook-reviews-does-one-matter-more/,/white-label-review-management
https://dialedinweb.com/2017/01/10-tips-building-local-brand-will-increase-local-online-leads/,/our-blog
https://dialedinweb.com/3-awesome-local-seo-and-content-marketing-strategies-no-one-is-doing/,/white-label-local-seo
https://dialedinweb.com/3-key-ways-to-recover-from-a-google-algorithm-penalty/,/our-blog
https://dialedinweb.com/3-key-ways-to-recover-from-a-google-algorithm-penalty,/our-blog
https://dialedinweb.com/4-creative-ways-repurpose-online-content/content-corkboard/,/our-blog
https://dialedinweb.com/4-creative-ways-to-repurpose-your-online-content/,/our-blog
https://dialedinweb.com/4-creative-ways-to-repurpose-your-online-content,/our-blog
https://dialedinweb.com/4-creative-ways-to-repurpose-your-online-content/feed/,/
https://dialedinweb.com/4-essential-strategies-to-jumpstart-your-local-seo/,/white-label-local-seo
https://dialedinweb.com/4-local-seo-strategies-instantly-improve-search-rankings-attract-new-customers/,/white-label-local-seo
https://dialedinweb.com/5-linkedin-profile-tips-that-will-make-you-stand-out/,/our-blog
https://dialedinweb.com/5-psychology-backed-design-tips-make-website-effective/,/our-blog
https://dialedinweb.com/5-strategies-to-get-to-the-top-of-the-local-3-pack-listings-and-stand-out/,/our-blog
https://dialedinweb.com/5-ways-dallas-advertising-agencies-help-small-businesses-with-ppc/,/our-blog
https://dialedinweb.com/5-ways-optimize-adwords-ad-extensions-increase-conversions/,/our-blog
https://dialedinweb.com/5-ways-to-define-and-leverage-your-target-audience-on-social-media/,/our-blog
https://dialedinweb.com/5-ways-to-effectively-engage-with-your-target-audience-using-emojis/,/our-blog
https://dialedinweb.com/50-small-business-seo-tips-tricks-ensure-online-success/,/white-label-local-seo
https://dialedinweb.com/519-2/,/our-blog
https://dialedinweb.com/519-2/feed/,/
https://dialedinweb.com/519-2/www.dialedinweb.com/blog,/our-blog
https://dialedinweb.com/6-tips-to-improve-engagement-linkedin-groups/,/our-blog
https://dialedinweb.com/6-tips-to-improve-engagement-linkedin-groups,/our-blog
https://dialedinweb.com/6-tips-to-improve-engagement-linkedin-groups/feed/,/
https://dialedinweb.com/7-essential-tips-to-attract-quality-followers-on-twitter/,/our-blog
https://dialedinweb.com/7-local-search-marketing-stats-every-dallas-small-business-know/,/our-blog
https://dialedinweb.com/7-reasons-why-its-a-bad-idea-to-buy-fans-for-your-fan-page,/our-blog
https://dialedinweb.com/7-reasons-why-its-a-bad-idea-to-buy-fans-for-your-fan-page/,/our-blog
https://dialedinweb.com/7-reasons-why-its-a-bad-idea-to-buy-fans-for-your-fan-page/feed/,/
https://dialedinweb.com/7-reasons-why-its-a-bad-idea-to-buy-fans-for-your-fan-page/www.dialedinweb.com/blog,/our-blog
https://dialedinweb.com/7-reasons-why-online-reviews-are-essential-for-your-brand/,/white-label-review-management
https://dialedinweb.com/7-social-media-marketing-tips-to-ensure-your-success/,/our-blog
https://dialedinweb.com/7-steps-to-attract-your-ideal-customer-with-pay-per-click/,/our-blog
https://dialedinweb.com/7-tips-to-make-facebook-marketing-work-for-your-local-businesses/,/our-blog
https://dialedinweb.com/8-simple-steps-to-make-your-website-more-pinteresting/,/our-blog
https://dialedinweb.com/8-ways-noticed-recruiters-linkedin/linked-in-mobile-image/,/our-blog
https://dialedinweb.com/8-ways-to-get-noticed-by-recruiters-on-linkedin/,/our-blog
https://dialedinweb.com/8-ways-to-get-noticed-by-recruiters-on-linkedin,/our-blog
https://dialedinweb.com/8-ways-to-get-noticed-by-recruiters-on-linkedin/feed/,/
https://dialedinweb.com/about-us/,/about
https://dialedinweb.com/about-us,/about
https://www.dialedinweb.com/about-us/,/about
https://dialedinweb.com/about-us/feed/,/
https://dialedinweb.com/about-us/www.dialedinweb.com/blog,/about
https://dialedinweb.com/advanced-local-seo-services/,/white-label-local-seo
https://dialedinweb.com/adwords-101-start-campaign-right-foot/,/white-label-paid-media
https://dialedinweb.com/affordable-web-design-small-business/,/white-label-inbound-marketing-services
https://dialedinweb.com/amazon-ppc-101-what-you-need-to-know/,/white-label-inbound-marketing-services
https://dialedinweb.com/author/dougbryson1/,/
https://dialedinweb.com/author/dougdialedinweb-com/,/
https://dialedinweb.com/author/rebeccadaneault/,/
https://dialedinweb.com/author/wpx_dougbryson/,/
https://dialedinweb.com/best-digital-marketing-agencies-dallas/,/white-label-inbound-marketing-services
https://dialedinweb.com/blog/,/our-blog
https://dialedinweb.com/blog/feed/,/
https://dialedinweb.com/careers-2/,/white-label-inbound-marketing-services
https://dialedinweb.com/category/adwords/,/white-label-paid-media
https://dialedinweb.com/category/blog/,/
https://dialedinweb.com/category/business/,/
https://dialedinweb.com/category/content-marketing/,/
https://dialedinweb.com/category/conversion-rate-optimization/,/
https://dialedinweb.com/category/digital-marketing/,/
https://dialedinweb.com/category/facebook-marketing/,/
https://dialedinweb.com/category/industry-news/,/
https://dialedinweb.com/category/instagram-marketing-social-media-marketing/,/
https://dialedinweb.com/category/linkedin-marketing/,/
https://dialedinweb.com/category/local-marketing/,/
https://dialedinweb.com/category/local-search-marketing/,/
https://dialedinweb.com/category/local-seo/,/white-label-local-seo
https://dialedinweb.com/category/nashville-social-media/,/
https://dialedinweb.com/category/online-reviews/,/white-label-review-management
https://dialedinweb.com/category/pay-per-click-marketing/,/
https://dialedinweb.com/category/reputation-management/,/
https://dialedinweb.com/category/search-engine-optimization/,/
https://dialedinweb.com/category/seo/,/white-label-local-seo
https://dialedinweb.com/category/services/,/
https://dialedinweb.com/category/social-media-marketing/,/
https://dialedinweb.com/category/social-media-marketing/facebook-marketing/,/
https://dialedinweb.com/category/testimonial/,/
https://dialedinweb.com/category/twitter-marketing/,/
https://dialedinweb.com/category/uncategorized/,/
https://dialedinweb.com/category/web-design/,/
https://dialedinweb.com/comments/feed/,/
https://dialedinweb.com/contact-us/,/contact
https://dialedinweb.com/contact-us,/contact
https://www.dialedinweb.com/contact-us/,/contact
https://dialedinweb.com/content-marketing-101-what-you-need-to-know/,/white-label-content-marketing
https://dialedinweb.com/content-marketing-gone-green-3-ways-recycle-old-content/,/white-label-content-marketing
https://dialedinweb.com/content-marketing-nashville,/white-label-content-marketing
https://dialedinweb.com/content-marketing-nashville/,/white-label-content-marketing
https://dialedinweb.com/content-marketing-nashville/feed/,/
https://dialedinweb.com/conversion-rate-optimization,/white-label-inbound-marketing-services
https://dialedinweb.com/conversion-rate-optimization/,/white-label-inbound-marketing-services
https://dialedinweb.com/conversion-rate-optimization-what-you-need-to-know/,/white-label-inbound-marketing-services
https://dialedinweb.com/dallas-digital-marketing/,/white-label-inbound-marketing-services
https://dialedinweb.com/dallas-seo/,/white-label-local-seo
https://dialedinweb.com/dallas-social-media-marketing/,/white-label-inbound-marketing-services
https://dialedinweb.com/dentist-digital-marketing/,/white-label-inbound-marketing-services
https://dialedinweb.com/dentist-seo-company/,/white-label-local-seo
https://www.dialedinweb.com/dialed-in-local/feed/,/
https://dialedinweb.com/dialed-in-local/feed/,/
https://www.dialedinweb.com/dialedin_wp/mobile-marketing/,/white-label-inbound-marketing-services
https://dialedinweb.com/dialedin_wp/mobile-marketing/,/white-label-inbound-marketing-services
https://dialedinweb.com/digital-marketing-challenges-dsos-face/,/white-label-inbound-marketing-services
https://dialedinweb.com/does-digital-marketing-work-for-small-businesses/,/white-label-inbound-marketing-services
https://dialedinweb.com/domain-level-competitors-vs-page-level-competitors-where-should-you-focus-your-marketing-strategies/,/white-label-inbound-marketing-services
https://dialedinweb.com/e-commerce-seo/,/white-label-local-seo
https://dialedinweb.com/eight-outstanding-ways-to-leverage-reddit-for-marketing/,/white-label-inbound-marketing-services
https://dialedinweb.com/eight-ways-to-help-reduce-your-websites-page-load-time/,/white-label-inbound-marketing-services
https://dialedinweb.com/emd-local-business-sites/,/white-label-gbp-seo
https://dialedinweb.com/enews-confirmed/,/white-label-inbound-marketing-services
https://dialedinweb.com/evergreen-link-building-strategies-link-pruning/,/white-label-inbound-marketing-services
https://dialedinweb.com/facebook-advertising/,/white-label-paid-media
https://www.dialedinweb.com/facebook-advertising/,/white-label-paid-media
https://dialedinweb.com/facebook-advertising,/white-label-paid-media
https://dialedinweb.com/facebook-advertising-how-to-do-it-the-right-way/,/white-label-paid-media
https://dialedinweb.com/facebook-advertising/feed/,/
https://dialedinweb.com/facebook-marketing/,/white-label-paid-media
https://www.dialedinweb.com/facebook-marketing/,/white-label-paid-media
https://dialedinweb.com/facebook-marketing-services/,/white-label-paid-media
https://dialedinweb.com/facebook-marketing-services,/white-label-paid-media
https://dialedinweb.com/facebook-marketing-services/feed/,/
https://dialedinweb.com/facebooks-news-feed-changes-mean-business-can-survive/,/
https://www.dialedinweb.com/favicon.ico,/white-label-inbound-marketing-services
https://dialedinweb.com/feed/,/
https://dialedinweb.com/five-point-five-reasons-you-should-be-asking-for-reviews-from-your-customers/,/white-label-review-management
https://dialedinweb.com/five-point-five-reasons-you-should-be-asking-for-reviews-from-your-customers,/white-label-review-management
https://dialedinweb.com/five-point-five-reasons-you-should-be-asking-for-reviews-from-your-customers/doug1izaerwt3.cloudfront.net/,/white-label-review-management
https://dialedinweb.com/five-point-five-reasons-you-should-be-asking-for-reviews-from-your-customers/excellent-review,/white-label-review-management
https://dialedinweb.com/five-point-five-reasons-you-should-be-asking-for-reviews-from-your-customers/excellent-review/,/white-label-review-management
https://dialedinweb.com/five-point-five-reasons-you-should-be-asking-for-reviews-from-your-customers/excellent-review/doug1izaerwt3.cloudfront.net/,/white-label-review-management
https://dialedinweb.com/five-point-five-reasons-you-should-be-asking-for-reviews-from-your-customers/excellent-review/feed/,/white-label-review-management
https://dialedinweb.com/five-point-five-reasons-you-should-be-asking-for-reviews-from-your-customers/feed/,/white-label-review-management
https://dialedinweb.com/five-types-of-facebook-fans-quality-over-quantity,/white-label-inbound-marketing-services
https://dialedinweb.com/five-types-of-facebook-fans-quality-over-quantity/,/white-label-inbound-marketing-services
https://dialedinweb.com/five-types-of-facebook-fans-quality-over-quantity/feed/,/
https://dialedinweb.com/five-ways-an-seo-consultant-can-help-your-business-grow/,/white-label-local-seo
https://dialedinweb.com/free-tips/,/our-blog
https://dialedinweb.com/free-tips,/our-blog
https://dialedinweb.com/free-tips/page/2/,/our-blog
https://dialedinweb.com/google-ads-vs-facebook-ads-which-is-best-for-your-small-business/,/white-label-paid-media
https://dialedinweb.com/home/feed/,/
https://dialedinweb.com/how-a-local-seo-agency-helps-dentists-win-locally/,/white-label-local-seo
https://dialedinweb.com/how-google-penguin-4-0-will-affect-your-seo-2/,/white-label-local-seo
https://dialedinweb.com/how-local-seo-can-drive-foot-traffic-to-your-small-business/,/white-label-local-seo
https://dialedinweb.com/how-local-seo-services-help-moving-companies-on-google-maps/,/white-label-local-seo
https://dialedinweb.com/how-local-service-ads-have-impacted-google-ads/,/white-label-paid-media
https://dialedinweb.com/how-much-does-seo-cost-for-a-small-business/,/white-label-local-seo
https://dialedinweb.com/how-schema-can-make-your-search-engine-results-more-visually-appealing/,/white-label-schema-markup
https://dialedinweb.com/how-smes-can-compete-with-big-brands-using-local-seo/,/white-label-local-seo
https://dialedinweb.com/how-to-build-a-strong-social-media-presence-as-an-sme/,/white-label-inbound-marketing-services
https://dialedinweb.com/how-to-encourage-your-repeat-customers-to-give-more-feedback/,/
https://dialedinweb.com/how-to-get-more-followers-on-twitter,/white-label-inbound-marketing-services
https://dialedinweb.com/how-to-get-roi-from-social-media/,/white-label-inbound-marketing-services
https://dialedinweb.com/how-to-get-roi-from-social-media,/white-label-inbound-marketing-services
https://dialedinweb.com/how-to-get-roi-from-social-media/feed/,/
https://dialedinweb.com/how-to-revitalize-your-local-citations/,/white-label-gbp-seo
https://dialedinweb.com/how-to-set-goals-in-google-analytics,/white-label-inbound-marketing-services
https://dialedinweb.com/how-to-set-goals-in-google-analytics/,/white-label-inbound-marketing-services
https://dialedinweb.com/how-to-set-goals-in-google-analytics-2/,/white-label-inbound-marketing-services
https://dialedinweb.com/how-to-set-goals-in-google-analytics/feed/,/
https://dialedinweb.com/instagram-small-business-marketing/using-instagram-for-your-business/,/white-label-inbound-marketing-services
https://dialedinweb.com/is-citation-building-still-important-to-local-seo-what-you-need-to-know/,/white-label-local-seo
https://dialedinweb.com/link-pruning-essential-seo-campaign/,/white-label-local-seo
https://dialedinweb.com/link-pruning-essential-seo-campaign,/white-label-local-seo
https://dialedinweb.com/linkedin-marketing/,/white-label-inbound-marketing-services
https://dialedinweb.com/linkedin-marketing,/white-label-inbound-marketing-services
https://dialedinweb.com/linkedin-marketing-groups-are-gold/,/white-label-inbound-marketing-services
https://dialedinweb.com/linkedin-marketing/feed/,/
https://dialedinweb.com/local-content-marketing-kpis-which-metrics-should-your-business-track/,/white-label-content-marketing
https://dialedinweb.com/local-data-aggregators-matter-ranking-local-business/,/white-label-gbp-seo
https://dialedinweb.com/local-link-building-outreach-101-need-know/,/white-label-link-building
https://dialedinweb.com/local-search-marketing/,/white-label-gbp-seo
https://dialedinweb.com/local-search-marketing,/white-label-gbp-seo
https://dialedinweb.com/local-seo-company/,/white-label-local-seo
https://dialedinweb.com/local-seo-for-franchises-moving-firms/,/white-label-local-seo
https://dialedinweb.com/moving-and-storage-seo/,/white-label-local-seo
https://dialedinweb.com/nashville-digital-marketing/,/white-label-inbound-marketing-services
https://dialedinweb.com/nashville-local-search-marketing/,/white-label-gbp-seo
https://www.dialedinweb.com/nashville-local-search-marketing/,/white-label-gbp-seo
https://dialedinweb.com/nashville-local-search-marketing,/white-label-gbp-seo
https://dialedinweb.com/nashville-local-search-marketing/doug1izaerwt3.cloudfront.net/,/white-label-gbp-seo
https://dialedinweb.com/nashville-local-search-marketing/feed/,/
https://dialedinweb.com/nashville-mobile-advertising/,/white-label-paid-media
https://www.dialedinweb.com/nashville-mobile-advertising/,/white-label-paid-media
https://dialedinweb.com/nashville-mobile-marketing/,/white-label-inbound-marketing-services
https://www.dialedinweb.com/nashville-mobile-marketing/,/white-label-inbound-marketing-services
https://dialedinweb.com/nashville-mobile-marketing,/white-label-inbound-marketing-services
https://dialedinweb.com/nashville-mobile-website-design/,/white-label-inbound-marketing-services
https://www.dialedinweb.com/nashville-mobile-website-design/,/white-label-inbound-marketing-services
https://dialedinweb.com/nashville-online-reputation-management,/white-label-review-management
https://dialedinweb.com/nashville-online-reputation-management/,/white-label-review-management
https://dialedinweb.com/nashville-online-reputation-management/feed/,/
https://dialedinweb.com/nashville-online-reputation-management/www.dialedinweb.com,/white-label-review-management
https://dialedinweb.com/nashville-paid-search-ppc-marketing,/white-label-paid-media
https://dialedinweb.com/nashville-paid-search-ppc-marketing/,/white-label-paid-media
https://dialedinweb.com/nashville-paid-search-ppc-marketing/feed/,/
https://dialedinweb.com/nashville-qr-code-marketing/,/white-label-inbound-marketing-services
https://dialedinweb.com/nashville-seo,/white-label-local-seo
https://dialedinweb.com/nashville-seo/,/white-label-local-seo
https://dialedinweb.com/nashville-seo/feed/,/white-label-local-seo
https://dialedinweb.com/nashville-social-media-marketing,/white-label-inbound-marketing-services
https://dialedinweb.com/nashville-social-media-marketing/,/white-label-inbound-marketing-services
https://dialedinweb.com/nashville-social-media-marketing/feed/,/
https://www.dialedinweb.com/nashville-tn-online-reputation-management/,/white-label-review-management
https://dialedinweb.com/nashville-tn-online-reputation-management/,/white-label-review-management
https://www.dialedinweb.com/nashville-tn-online-review-management/,/white-label-review-management
https://dialedinweb.com/nashville-web-design,/white-label-inbound-marketing-services
https://dialedinweb.com/nashville-web-design/,/white-label-inbound-marketing-services
https://dialedinweb.com/nashville-web-design/feed/,/
https://dialedinweb.com/nine-ways-to-integrate-social-media-into-your-sales-strategy/,/white-label-inbound-marketing-services
https://dialedinweb.com/online-presence-audit-startups/,/white-label-inbound-marketing-services
https://dialedinweb.com/online-presence-management-for-startups/,/white-label-review-management
https://dialedinweb.com/online-reputation-management/,/white-label-review-management
https://dialedinweb.com/online-reputation-management,/white-label-review-management
https://dialedinweb.com/online-reputation-management-small-businesses/,/white-label-review-management
https://dialedinweb.com/online-reviews-are-they-important-for-your-business/,/white-label-review-management
https://dialedinweb.com/online-scheduler/,/white-label-inbound-marketing-services
https://dialedinweb.com/optimizing-your-website-for-google-local-search/,/white-label-link-building
https://dialedinweb.com/orthodontist-digital-marketing/,/white-label-inbound-marketing-services
https://dialedinweb.com/orthodontist-seo/,/white-label-local-seo
https://dialedinweb.com/our-blog/feed/,/
https://dialedinweb.com/outdated-tips-about-googles-accelerated-mobile-pages-that-arent-true-anymore/,/white-label-inbound-marketing-services
https://dialedinweb.com/page-sitemap.html,/
https://dialedinweb.com/paid-search-marketing/,/white-label-paid-media
https://dialedinweb.com/paid-search-marketing,/white-label-paid-media
https://dialedinweb.com/portfolio/,/case-studies
https://dialedinweb.com/portfolio-category/branding/,/case-studies
https://dialedinweb.com/portfolio-category/custom-print/,/case-studies
https://dialedinweb.com/portfolio-category/digital-design/,/case-studies
https://dialedinweb.com/portfolio-category/ecommerce/,/case-studies
https://dialedinweb.com/portfolio-category/masonry/,/case-studies
https://dialedinweb.com/portfolio-category/portfolio-single/,/case-studies
https://dialedinweb.com/portfolio/aliens-do-3d-automobile/,/case-studies
https://dialedinweb.com/portfolio/angel-maids-case-study/,/case-studies
https://dialedinweb.com/portfolio/angel-maids-case-study,/case-studies
https://dialedinweb.com/portfolio/armor-roofing-case-study/,/case-studies
https://dialedinweb.com/portfolio/armor-roofing-case-study/feed/,/
https://dialedinweb.com/portfolio/artboard-studio/,/case-studies
https://dialedinweb.com/portfolio/athletic-performance-massage-case-study/,/case-studies
https://dialedinweb.com/portfolio/athletic-performance-massage-case-study,/case-studies
https://dialedinweb.com/portfolio/athletic-performance-massage-case-study/feed/,/
https://dialedinweb.com/portfolio/darfons-restaurant-case-study/,/case-studies
https://dialedinweb.com/portfolio/darfons-restaurant-case-study,/case-studies
https://dialedinweb.com/portfolio/darfons-restaurant-case-study/feed/,/
https://dialedinweb.com/portfolio/darfons-restaurant-case-study/www.facebook.com/darfons,/case-studies
https://dialedinweb.com/portfolio/darfons-restaurant-case-study/www.twitter.com/darfons,/case-studies
https://dialedinweb.com/portfolio/inspiration-board/,/case-studies
https://dialedinweb.com/portfolio/kontrast/,/case-studies
https://dialedinweb.com/portfolio/mercedez-benz-coupe/,/case-studies
https://dialedinweb.com/portfolio/nexa-mobile/,/case-studies
https://dialedinweb.com/portfolio/next-level-fitness-case-study/,/case-studies
https://dialedinweb.com/portfolio/next-level-fitness-case-study/www.facebook.com/nlfnash,/case-studies
https://dialedinweb.com/portfolio/next-level-fitness-case-study/www.nextlevelfitness.com,/case-studies
https://dialedinweb.com/portfolio/next-level-fitness-case-study/www.twitter.com/nlfnash,/case-studies
https://dialedinweb.com/portfolio/nike-shopping/,/case-studies
https://dialedinweb.com/portfolio/photo-retouching/,/case-studies
https://dialedinweb.com/portfolio/the-portraits/,/case-studies
https://dialedinweb.com/portfolio/villa-in-dallas/,/case-studies
https://dialedinweb.com/portfolios/,/case-studies
https://dialedinweb.com/post-sitemap.html,/
https://dialedinweb.com/ppc-ad-campaigns-why-they-should-differentiate-between-mobile-and-desktop-users/,/white-label-paid-media
https://dialedinweb.com/pricing/,/white-label-inbound-marketing-services
https://dialedinweb.com/pricing-v2/,/white-label-inbound-marketing-services
https://dialedinweb.com/removal-right-side-ads-mean-adwords-campaign/,/white-label-paid-media
https://dialedinweb.com/search-engine-advertising/,/white-label-paid-media
https://dialedinweb.com/search-engine-marketing-firm-dialed-in-local-announces-relocation-to-dallas-tx/,/white-label-gbp-seo
https://dialedinweb.com/search-engine-optimization/,/white-label-local-seo
https://dialedinweb.com/seo/,/white-label-local-seo
https://www.dialedinweb.com/seo/,/white-label-local-seo
https://dialedinweb.com/seo,/white-label-local-seo
https://www.dialedinweb.com/seo,/white-label-local-seo
https://dialedinweb.com/seo-and-content-strategy-for-retail-growth/,/white-label-local-seo
https://dialedinweb.com/seo-and-paid-search-dentists-dallas/,/white-label-local-seo
https://dialedinweb.com/seo/feed/,/white-label-local-seo
https://dialedinweb.com/seo/www.dialedinweb.com/blog,/white-label-local-seo
https://dialedinweb.com/services/,/white-label-inbound-marketing-services
https://dialedinweb.com/services,/white-label-inbound-marketing-services
https://dialedinweb.com/services-v3/,/white-label-inbound-marketing-services
https://dialedinweb.com/services/feed/,/
https://dialedinweb.com/seven-approaches-to-measuring-the-success-of-a-local-seo-campaign/,/white-label-local-seo
https://dialedinweb.com/seven-simple-ways-to-build-your-small-business-social-media-presence-quickly/,/white-label-inbound-marketing-services
https://dialedinweb.com/seven-ways-to-pimp-your-linkedin-profile/,/white-label-inbound-marketing-services
https://dialedinweb.com/seven-ways-to-pimp-your-linkedin-profile,/white-label-inbound-marketing-services
https://dialedinweb.com/seven-ways-to-pimp-your-linkedin-profile/feed/,/
https://dialedinweb.com/seven-ways-to-pimp-your-linkedin-profile/linkedin-focus/,/white-label-inbound-marketing-services
https://dialedinweb.com/seven-ways-to-pimp-your-linkedin-profile/pimp-logo/,/white-label-inbound-marketing-services
https://dialedinweb.com/shopify-seo-services/,/white-label-local-seo
https://www.dialedinweb.com/shreveport-seo-and-social-media/,/white-label-local-seo
https://dialedinweb.com/shreveport-seo-and-social-media/,/white-label-local-seo
https://dialedinweb.com/shreveport-seo-and-social-media,/white-label-local-seo
https://dialedinweb.com/shreveport-seo-and-social-media/dialedinweb.com/social-media,/white-label-local-seo
https://dialedinweb.com/shreveport-seo-and-social-media/feed/,/white-label-local-seo
https://dialedinweb.com/shreveport-seo-and-social-media/www.dialedinweb.com/blog,/white-label-local-seo
https://dialedinweb.com/shreveport-seo-and-social-media/www.dialedinweb.com/seo,/white-label-local-seo
https://dialedinweb.com/six-ways-to-improve-your-domain-authority-score/,/our-blog
https://dialedinweb.com/small-business-seo-services/,/white-label-local-seo
https://www.dialedinweb.com/small-business-seo-services/,/white-label-local-seo
https://dialedinweb.com/small-business-social-advertising/,/white-label-paid-media
https://dialedinweb.com/small-business-social-media-marketing/,/white-label-inbound-marketing-services
https://dialedinweb.com/smm-success,/white-label-inbound-marketing-services
https://dialedinweb.com/social-media-makeover.html,/white-label-inbound-marketing-services
https://dialedinweb.com/social-media-marketing/,/white-label-inbound-marketing-services
https://www.dialedinweb.com/social-media-marketing/,/white-label-inbound-marketing-services
https://dialedinweb.com/social-media-marketing-is-not-dead/,/white-label-inbound-marketing-services
https://dialedinweb.com/tag/10-hacks-to-get-online-reviews-for-your-local-business/,/white-label-review-management
https://dialedinweb.com/tag/5-linkedin-profile-tips/,/ 
https://dialedinweb.com/tag/7-facebook-marketing-tips-for-local-businesses/,/ 
https://dialedinweb.com/tag/7-steps-to-get-new-customers-with-pay-per-click/,/ 
https://dialedinweb.com/tag/adwords/,/white-label-paid-media
https://dialedinweb.com/tag/adwords-marketing/,/white-label-paid-media
https://dialedinweb.com/tag/and-creatives/,/ 
https://dialedinweb.com/tag/backlinks/,/ 
https://dialedinweb.com/tag/bloggers/,/ 
https://dialedinweb.com/tag/content-marketing/,/white-label-content-marketing
https://dialedinweb.com/tag/conversion-rate-optimization/,/ 
https://dialedinweb.com/tag/dallas-local-search-marketing/,/ 
https://dialedinweb.com/tag/dallas-pay-per-click-marketing/,/ 
https://dialedinweb.com/tag/dallas-ppc/,/ 
https://dialedinweb.com/tag/dallas-seo/,/white-label-local-seo
https://dialedinweb.com/tag/dallas-seo-experts/,/white-label-local-seo
https://dialedinweb.com/tag/define-your-target-audience/,/ 
https://dialedinweb.com/tag/desktop-ads/,/white-label-paid-media
https://dialedinweb.com/tag/digital-marketing-services-for-small-business/,/ 
https://dialedinweb.com/tag/domain-authority/,/
https://dialedinweb.com/tag/facebook-ads/,/white-label-paid-media
https://dialedinweb.com/tag/facebook-advertising/,/white-label-paid-media
https://dialedinweb.com/tag/facebook-advertising-how-to-do-it-the-right-way/,/white-label-paid-media
https://dialedinweb.com/tag/facebook-fans/,/ 
https://dialedinweb.com/tag/facebook-marketing/,/ 
https://dialedinweb.com/tag/facebook-marketing-for-local-businesses/,/ 
https://dialedinweb.com/tag/facebook-marketing-tips/,/ 
https://dialedinweb.com/tag/facebook-marketing-tips-for-local-businesses/,/ 
https://dialedinweb.com/tag/faecbook-marketing/,/ 
https://dialedinweb.com/tag/free-image/,/ 
https://dialedinweb.com/tag/free-image-site/,/ 
https://dialedinweb.com/tag/free-image-sites/,/ 
https://dialedinweb.com/tag/free-images/,/ 
https://dialedinweb.com/tag/google-ads/,/white-label-paid-media
https://dialedinweb.com/tag/google-algorithm-penalty/,/ 
https://dialedinweb.com/tag/google-amp/,/ 
https://dialedinweb.com/tag/google-analytics/,/ 
https://dialedinweb.com/tag/google-local/,/ 
https://dialedinweb.com/tag/google-manual-penalty/,/ 
https://dialedinweb.com/tag/google-penalty/,/ 
https://dialedinweb.com/tag/google-recovery/,/ 
https://dialedinweb.com/tag/hashtags/,/ 
https://dialedinweb.com/tag/how-to-define-your-target-audience-on-social-media/,/white-label-inbound-marketing-services
https://dialedinweb.com/tag/how-to-get-more-followers-on-twitter/,/ 
https://dialedinweb.com/tag/instagram-marketing/,/ 
https://dialedinweb.com/tag/link-building/,/ 
https://dialedinweb.com/tag/linked-in/,/ 
https://dialedinweb.com/tag/linked-in-marketing-2/,/ 
https://dialedinweb.com/tag/linkedin-marketing/,/ 
https://dialedinweb.com/tag/linkedin-profile/,/ 
https://dialedinweb.com/tag/linkedin-profile-tips/,/ 
https://dialedinweb.com/tag/local-business-directories/,/ 
https://dialedinweb.com/tag/local-business-review/,/white-label-review-management
https://dialedinweb.com/tag/local-business-reviews/,/white-label-review-management
https://dialedinweb.com/tag/local-citations/,/ 
https://dialedinweb.com/tag/local-search/,/ 
https://dialedinweb.com/tag/local-search-marketing/,/ 
https://dialedinweb.com/tag/local-sem/,/ 
https://dialedinweb.com/tag/local-seo/,/white-label-local-seo
https://dialedinweb.com/tag/local-seo/page/2/,/white-label-local-seo
https://dialedinweb.com/tag/marketing/,/ 
https://dialedinweb.com/tag/marketing-tips/,/ 
https://dialedinweb.com/tag/mobile-ads/,/white-label-paid-media
https://dialedinweb.com/tag/mobile-webdesign/,/ 
https://dialedinweb.com/tag/nashville-social-media-marketing/,/white-label-inbound-marketing-services
https://dialedinweb.com/tag/off-page-seo/,/white-label-local-seo
https://dialedinweb.com/tag/online-reputation/,/white-label-review-management
https://dialedinweb.com/tag/online-review-management/,/white-label-review-management
https://dialedinweb.com/tag/online-reviews/,/white-label-review-management
https://dialedinweb.com/tag/page-load-time/,/ 
https://dialedinweb.com/tag/page-speed/,/ 
https://dialedinweb.com/tag/pay-per-click/,/ 
https://dialedinweb.com/tag/pinterest/,/ 
https://dialedinweb.com/tag/pinterest-marketing/,/ 
https://dialedinweb.com/tag/ppc/,/ 
https://dialedinweb.com/tag/ppc-dallas/,/ 
https://dialedinweb.com/tag/ppc-management-for-small-business/,/ 
https://dialedinweb.com/tag/profile-tips/,/ 
https://dialedinweb.com/tag/reddit/,/ 
https://dialedinweb.com/tag/reddit-marketing/,/ 
https://dialedinweb.com/tag/roi-from-social-media/,/white-label-inbound-marketing-services
https://dialedinweb.com/tag/schema/,/ 
https://dialedinweb.com/tag/schema-markup/,/ 
https://dialedinweb.com/tag/search-engine-optimization-2/,/ 
https://dialedinweb.com/tag/seo/,/white-label-local-seo
https://dialedinweb.com/tag/seo-audit/,/white-label-local-seo
https://dialedinweb.com/tag/seo-dallas/,/white-label-local-seo
https://dialedinweb.com/tag/seo-services-for-small-business/,/white-label-local-seo
https://dialedinweb.com/tag/seo-tips-and-tricks/,/white-label-local-seo
https://dialedinweb.com/tag/small-business/,/ 
https://dialedinweb.com/tag/small-business-seo/,/white-label-local-seo
https://dialedinweb.com/tag/social-media/,/white-label-inbound-marketing-services
https://dialedinweb.com/tag/social-media-marketing/,/white-label-inbound-marketing-services
https://dialedinweb.com/tag/social-media-marketing-2/,/white-label-inbound-marketing-services
https://dialedinweb.com/tag/social-media-marketing-tips/,/white-label-inbound-marketing-services
https://dialedinweb.com/tag/social-media-marketing-tips-for-local-businesses/,/white-label-inbound-marketing-services
https://dialedinweb.com/tag/social-media-optimization/,/white-label-inbound-marketing-services
https://dialedinweb.com/tag/social-media-roi/,/white-label-inbound-marketing-services
https://dialedinweb.com/tag/target-audience/,/ 
https://dialedinweb.com/tag/technical-seo/,/white-label-local-seo
https://dialedinweb.com/tag/top-20-free-image-sites-for-small-businesses/,/ 
https://dialedinweb.com/tag/twitter-marketing/,/ 
https://dialedinweb.com/tag/web-design/,/ 
https://dialedinweb.com/tag/what-is-content-marketing/,/white-label-content-marketing
https://dialedinweb.com/tag/wordpress/,/ 
https://dialedinweb.com/ten-powerful-benefits-of-social-media-marketing-every-local-business-should-know/,/white-label-inbound-marketing-services
https://dialedinweb.com/ten-ppc-tools-to-take-your-advertising-game-to-the-next-level/,/white-label-paid-media
https://dialedinweb.com/testimonial,/case-studies
https://dialedinweb.com/testimonial/,/case-studies
https://dialedinweb.com/testimonial/chris-farr/,/case-studies
https://dialedinweb.com/testimonial/chris-farr,/case-studies
https://dialedinweb.com/testimonial/chris-farr/feed/,/
https://dialedinweb.com/testimonial/cynthia-cavoto/,/case-studies
https://dialedinweb.com/testimonial/cynthia-cavoto,/case-studies
https://dialedinweb.com/testimonial/cynthia-cavoto/feed/,/
https://dialedinweb.com/testimonial/david-dorn/,/case-studies
https://dialedinweb.com/testimonial/david-dorn,/case-studies
https://dialedinweb.com/testimonial/david-dorn/feed/,/
https://dialedinweb.com/testimonial/daxon-edwards/,/case-studies
https://dialedinweb.com/testimonial/daxon-edwards,/case-studies
https://dialedinweb.com/testimonial/daxon-edwards/feed/,/
https://dialedinweb.com/testimonial/feed/,/
https://dialedinweb.com/testimonial/tommy-wolosen/,/case-studies
https://dialedinweb.com/testimonial/tommy-wolosen,/case-studies
https://dialedinweb.com/testimonial/tommy-wolosen/feed/,/
https://dialedinweb.com/testimonials/,/case-studies
https://dialedinweb.com/text-message-marketing-nashville/,/white-label-inbound-marketing-services
https://dialedinweb.com/thank-you-for-opting-in/feed/,/
https://dialedinweb.com/the-10-step-local-link-building-cheat-sheet-to-boost-rankings-in-2020/,/white-label-link-building
https://dialedinweb.com/the-complete-guide-to-choosing-a-digital-marketing-agency-for-your-small-business/,/white-label-inbound-marketing-services
https://dialedinweb.com/the-essential-instagram-hashtags-for-small-businesses/,/white-label-inbound-marketing-services
https://dialedinweb.com/the-top-20-seo-companies-in-dallas-tx-2025-edition/,/white-label-local-seo
https://dialedinweb.com/time-trigger,/white-label-inbound-marketing-services
https://dialedinweb.com/time-trigger/,/white-label-inbound-marketing-services
https://dialedinweb.com/top-20-free-image-sites-for-small-businesses-bloggers-and-creatives/,/white-label-inbound-marketing-services
https://dialedinweb.com/top-25-local-business-directories-to-get-listed-on-today/,/white-label-gbp-seo
https://dialedinweb.com/top-link-building-strategies-link-pruning,/white-label-inbound-marketing-services
https://dialedinweb.com/top-link-building-strategies-link-pruning/,/white-label-inbound-marketing-services
https://dialedinweb.com/top-link-building-strategies-link-pruning/feed/,/
https://dialedinweb.com/twitter-marketing/,/white-label-inbound-marketing-services
https://dialedinweb.com/twitter-marketing,/white-label-inbound-marketing-services
https://dialedinweb.com/twitter-marketing/feed/,/
https://dialedinweb.com/twitter-nation-140-characters/,/white-label-inbound-marketing-services
https://www.dialedinweb.com/twitter-nation-140-characters/,/white-label-inbound-marketing-services
https://dialedinweb.com/two-major-reasons-to-stop-looking-at-organic-rankings-and-focus-on-what-matters/,/white-label-inbound-marketing-services
https://dialedinweb.com/understanding-lazy-loading-for-seo/,/white-label-local-seo
https://dialedinweb.com/using-instagram-small-business-marketing/,/white-label-inbound-marketing-services
https://dialedinweb.com/using-instagram-small-business-marketing,/white-label-inbound-marketing-services
https://dialedinweb.com/using-instagram-small-business-marketing/feed/,/
https://dialedinweb.com/visibility-for-small-online-business/,/white-label-inbound-marketing-services
https://dialedinweb.com/web-design/,/white-label-inbound-marketing-services
https://www.dialedinweb.com/web-design/,/white-label-inbound-marketing-services
https://dialedinweb.com/web-design/feed/,/
https://dialedinweb.com/web-design/www.dialedinweb.com/blog,/white-label-inbound-marketing-services
https://dialedinweb.com/web-portfolio/,/case-studies
https://dialedinweb.com/what-does-a-digital-marketer-do-dallas-movers/,/white-label-inbound-marketing-services
https://dialedinweb.com/what-does-apples-ios-14-update-means-for-your-facebook-ads/,/white-label-paid-media
https://dialedinweb.com/what-is-conversion-rate-optimization,/
https://dialedinweb.com/what-is-conversion-rate-optimization/,/
https://dialedinweb.com/what-is-conversion-rate-optimization/feed/,/
https://dialedinweb.com/what-is-local-seo-the-top-5-essential-guide/,/white-label-local-seo
https://dialedinweb.com/what-is-online-presence/,/
https://dialedinweb.com/what-kinds-of-businesses-should-use-ppc-advertising/,/white-label-paid-media
https://dialedinweb.com/what-we-do/content-marketing/,/white-label-content-marketing
https://dialedinweb.com/what-we-do/content-marketing,/white-label-content-marketing
https://dialedinweb.com/what-we-do/content-marketing-nashville,/white-label-content-marketing
https://dialedinweb.com/what-we-do/content-marketing/content-corkboard,/white-label-content-marketing
https://dialedinweb.com/what-we-do/content-marketing/content-corkboard/,/white-label-content-marketing
https://dialedinweb.com/what-we-do/content-marketing/feed/,/
https://dialedinweb.com/what-we-do/design/,/
https://dialedinweb.com/what-we-do/nashville-content-marketing,/white-label-content-marketing
https://dialedinweb.com/what-we-do/nashville-social-media-marketing,/white-label-inbound-marketing-services
https://dialedinweb.com/what-we-do/nashville-social-media-marketing/,/white-label-inbound-marketing-services
https://dialedinweb.com/what-we-do/nashville-social-media-marketing/feed/,/
https://dialedinweb.com/what-we-do/search/,/
https://dialedinweb.com/what-we-do/social-media-marketing/,/white-label-inbound-marketing-services
https://dialedinweb.com/what-we-do/social-media-marketing,/white-label-inbound-marketing-services
https://dialedinweb.com/what-we-do/social-media-marketing/feed/,/
https://dialedinweb.com/why-brand-consistency-is-important/,/
https://dialedinweb.com/why-brand-consistency-is-important,/
https://dialedinweb.com/why-local-links-are-still-essential-in-2020-and-how-to-get-them/,/white-label-link-building
https://dialedinweb.com/why-local-seo-is-important-dallas/,/white-label-local-seo
https://dialedinweb.com/why-seo-is-not-dead/,/white-label-local-seo
https://dialedinweb.com/why-seo-is-not-dead,/white-label-local-seo
https://dialedinweb.com/why-your-small-business-website-isnt-ranking-and-how-seo-services-can-help/,/white-label-local-seo
https://dialedinweb.com/works/,/
https://www.dialedinweb.com/www.dialedinlocal.com/blog,/
https://dialedinweb.com/www.dialedinlocal.com/blog,/
https://dialedinweb.com/www.dialedinweb.com/blog,/
https://dialedinweb.com/yelp-google-facebook-reviews-does-one-matter-more-than-the-other/,/white-label-review-management